x_coord,y_coord,sale_price,predicted,residual,residual_type
2672174.72216989,245084.79846829,10.20121896084091,11.890707666367353,1.6894887055264434,Overpredicted
2694025.16993873,250803.84247638,10.12667110305036,11.44060598016628,1.313934877115921,Overpredicted
2702078.78375272,263267.36479338,15.01860327512709,11.617871498886217,-3.400731776240873,Underpredicted
2689643.35324307,226480.20936522,13.34550852871726,12.071288288995738,-1.2742202397215223,Underpredicted
2672769.48279139,239713.26590429,15.444751293772969,11.717244938554495,-3.7275063552184733,Underpredicted
2671930.2187219,241611.78474505,15.444751293772969,11.838694631373675,-3.6060566623992933,Underpredicted
2693940.23966239,248900.00638905,10.23462415135353,11.525290770214891,1.2906666188613602,Overpredicted
2699426.02331023,265261.3053593,9.210440366976515,11.893009677579112,2.682569310602597,Overpredicted
2680385.57287414,242265.03573513,10.564653749740897,11.900029901488612,1.335376151747715,Overpredicted
2694761.16977906,253831.11594938,9.648659816955297,11.236839105548203,1.5881792885929062,Overpredicted
2674830.63122815,268290.85113746,11.264476926102368,12.58202147032597,1.3175445442236011,Overpredicted
2707306.04659215,247550.73776214,10.308985993422082,12.285978701140134,1.9769927077180522,Overpredicted
2709920.85369848,253864.84422839,10.165890277802454,11.485913845409522,1.320023567607068,Overpredicted
2700189.21043214,258378.09701288,13.618200431681036,11.793848808964746,-1.8243516227162893,Underpredicted
2708265.54336081,256269.80726622,10.714439990727769,11.928782280757542,1.214342290029773,Overpredicted
2689255.3710794,251411.1027448,9.210440366976515,11.2991941615252,2.088753794548685,Overpredicted
2696677.62952881,252270.21093471,9.210440366976515,11.188586193634885,1.9781458266583698,Overpredicted
2693767.54151697,249520.56420305,15.048726872113876,11.46463793576319,-3.584088936350687,Underpredicted
2703833.99316882,268703.9500488,9.908524844053396,11.72830396413682,1.8197791200834246,Overpredicted
2699544.05555448,253782.2476088,9.210440366976515,11.283907673324633,2.0734673063481175,Overpredicted
2712202.40655006,255412.48549005,15.01860327512709,11.9124171726334,-3.106186102493689,Underpredicted
2689442.46716189,252401.19262813,9.61587214452889,11.004354660203292,1.3884825156744025,Overpredicted
2692755.53402656,263839.73733629,14.420919370067592,11.881187129526984,-2.5397322405406086,Underpredicted
2703313.9807574,268090.83841413,9.770013301136158,11.780136619796124,2.010123318659966,Overpredicted
2702226.76705256,255037.31957372,12.84703666220191,11.41799939300271,-1.4290372691992008,Underpredicted
2695461.28976989,261795.24995546,13.45883704259595,11.495487395115427,-1.9633496474805234,Underpredicted
2675173.71879657,239261.48957688,10.5713425658087,11.77966777756975,1.20832521176105,Overpredicted
2691227.71195097,262663.23673655,10.203629181337648,11.77374914424125,1.5701199629036022,Overpredicted
2685617.39541572,258256.37415922,11.187209175200516,12.475618850863977,1.2884096756634609,Overpredicted
2695365.76141764,260127.93865755,9.90353755128617,11.31934390067623,1.41580634939006,Overpredicted
2687438.57943739,249195.51957755,10.915106645867503,12.158548528578283,1.2434418827107798,Overpredicted
2706340.74996631,261960.08558381,9.305741456739437,11.801296061858507,2.49555460511907,Overpredicted
2674631.74907997,238459.01939705,10.882584055202674,12.063447124882,1.1808630696793259,Overpredicted
2713418.07537857,258730.29315889,10.59665973278358,11.80714696351913,1.2104872307355503,Overpredicted
2693825.3324119,250865.58185421,10.203629181337648,11.4528682603274,1.249239078989751,Overpredicted
2674527.59476073,239722.57100379,10.308985993422082,11.694252996784694,1.3852670033626122,Overpredicted
2696189.83424456,226784.23894088,11.350418300109132,12.850488142630045,1.5000698425209134,Overpredicted
2692339.46563298,234801.21601713,14.437215978097797,13.213249511799905,-1.2239664662978917,Underpredicted
2675177.63972048,228081.98732963,12.9137586237112,11.634548794642619,-1.2792098290685807,Underpredicted
2674758.24292147,246393.24401413,10.59665973278358,11.902654538342006,1.3059948055584254,Overpredicted
2715630.75960147,260334.30241805,9.90353755128617,11.575086097461337,1.671548546175167,Overpredicted
2693580.33618273,247120.37280922,15.516232738904357,12.482346277037934,-3.033886461866423,Underpredicted
2696424.15595439,261627.76702271,13.590864628645196,11.467775545947207,-2.123089082697989,Underpredicted
2670023.21827081,241361.78786972,10.518700218288163,11.689811922887666,1.171111704599502,Overpredicted
2694766.73636898,228646.99899489,9.798182590890704,12.84298727168169,3.0448046807909854,Overpredicted
2693589.27645355,247184.45306163,15.516232738904357,12.537710176937551,-2.9785225619668054,Underpredicted
2673935.80985506,239402.36003006,10.463131911491969,11.609249734068785,1.1461178225768158,Overpredicted
2697528.23511106,256373.48947355,14.45736497045232,11.542225295895824,-2.915139674556496,Underpredicted
2672996.76875414,226590.85415705,14.076500031686043,11.56733494243665,-2.509165089249393,Underpredicted
2690588.88514465,228642.50326897,10.817796321618973,12.430670742867118,1.6128744212481454,Overpredicted
2702567.71781422,252314.79385079,12.95141134195595,10.91356394772818,-2.0378473942277697,Underpredicted
2713523.04728147,258861.73843405,9.99884318585288,11.800250111360388,1.8014069255075071,Overpredicted
2693318.37378015,250904.9679303,10.434145214930489,11.616646790647764,1.182501575717275,Overpredicted
2690638.59009773,250525.37682596,10.12667110305036,11.46735084359117,1.3406797405408106,Overpredicted
2685248.27771564,226747.84137589,10.59665973278358,11.947497840710136,1.3508381079265561,Overpredicted
2692151.69107415,249044.90997063,15.01860327512709,11.479632910785726,-3.5389703643413633,Underpredicted
2694129.63331248,248881.6117408,9.210440366976515,11.388895605379146,2.1784552384026306,Overpredicted
2671080.59148414,239632.19880922,13.30474659896364,12.014005069753347,-1.2907415292102922,Underpredicted
2678092.48658106,241273.3710518,10.12667110305036,11.61103294197394,1.484361838923581,Overpredicted
2676376.69637747,240984.75483114,10.373522431293592,11.774059297041514,1.400536865747922,Overpredicted
2670138.02709632,236004.44556604,13.69334405393293,11.971472882982344,-1.7218711709505872,Underpredicted
2673247.79187414,224781.10088679,10.308985993422082,11.550358849376819,1.2413728559547366,Overpredicted
2717081.06772448,259871.01856771,9.210440366976515,11.595915036448073,2.3854746694715576,Overpredicted
2696200.33980098,261997.85486521,9.510519035757246,11.671240235093773,2.1607211993365265,Overpredicted
2677177.17049831,241481.77450638,10.308985993422082,11.68647410924515,1.377488115823068,Overpredicted
2674060.5628864,242959.29418913,10.373522431293592,11.750404789447629,1.3768823581540364,Overpredicted
2679390.36981206,241834.38928671,10.12667110305036,11.769980868041774,1.6433097649914146,Overpredicted
2689775.10691656,271509.38210197,10.308985993422082,11.810172385783794,1.5011863923617117,Overpredicted
2691010.79637431,263948.22957338,11.289794413577894,12.446936672882302,1.1571422593044076,Overpredicted
2689113.13973656,229879.03721322,14.66495268918727,12.336541899297774,-2.328410789889496,Underpredicted
2717332.14432207,257002.99116729,10.757924157061597,12.276643251726064,1.5187190946644673,Overpredicted
2705652.32024081,253451.73973963,9.210440366976515,11.362538967348987,2.1520986003724722,Overpredicted
2702311.34201464,254341.86525597,12.84703666220191,11.413462346315875,-1.4335743158860357,Underpredicted
2702089.53405932,263648.30399214,10.236417809461043,11.813510263846242,1.5770924543851983,Overpredicted
2698944.78641181,257311.35603613,10.192456296870509,11.639571934298177,1.4471156374276681,Overpredicted
2690485.6048394,271012.59864672,9.99884318585288,12.093348771460507,2.0945055856076262,Overpredicted
2699587.77692373,258910.18879646,13.399996629152977,11.705372741613878,-1.6946238875390982,Underpredicted
2688474.26043689,227498.88219664,13.34550852871726,12.156469043605632,-1.1890394851116284,Underpredicted
2701448.33127348,255139.88498539,10.308985993422082,11.515874336868318,1.206888343446236,Overpredicted
2692115.96115872,266293.70421313,10.463131911491969,11.669560340981842,1.2064284294898737,Overpredicted
2698532.86531964,257887.95396429,13.618200431681036,11.646112530249365,-1.9720879014316708,Underpredicted
2689876.04273832,248334.35692979,10.645448706505872,11.853875257953527,1.2084265514476549,Overpredicted
2677543.86530298,241529.53819038,13.30474659896364,11.683474548987446,-1.6212720499761932,Underpredicted
2692671.77697623,255413.01239188,10.261196961231647,11.421536473620527,1.1603395123888802,Overpredicted
2711872.36423114,249532.01496755,9.90353755128617,12.161814546060906,2.258276994774736,Overpredicted
2674621.67724973,227523.33654405,12.7806530458862,11.5201051314385,-1.2605479144477005,Underpredicted
2691577.00160673,262511.17929788,10.434145214930489,12.088329521830664,1.6541843069001754,Overpredicted
2673890.80764848,238902.31345797,15.444751293772969,11.79279214469081,-3.651959149082158,Underpredicted
2688770.56758706,228430.69693404,12.409017571151187,13.565106776544724,1.1560892053935365,Overpredicted
2685922.54080281,257617.2300963,11.170449240431308,12.548449884247685,1.3780006438163763,Overpredicted
2701346.39545372,254960.02281229,12.95141134195595,11.271181738979646,-1.6802296029763042,Underpredicted
2698976.55701756,256899.3083038,9.952325334619427,11.495510965528439,1.5431856309090115,Overpredicted
2714954.85150447,260551.59299396,15.048726872113876,12.28077121916142,-2.767955652952457,Underpredicted
2687869.60875906,226621.06735122,9.869258360985468,12.09974668660696,2.230488325621492,Overpredicted
2675086.74948232,227870.32567947,12.7806530458862,11.635314033192998,-1.1453390126932028,Underpredicted
2712129.43786398,255259.16722713,10.59665973278358,12.088459268977163,1.4917995361935823,Overpredicted
2673678.32972698,243681.85934505,15.444751293772969,11.62263893766536,-3.822112356107608,Underpredicted
2673389.64395264,225554.0894983,9.61587214452889,11.582307237711092,1.966435093182202,Overpredicted
2718795.36646123,254089.51503888,14.603968372873895,13.175685636513542,-1.4282827363603534,Underpredicted
2693813.97711964,266504.1394878,15.048726872113876,11.624399616888539,-3.4243272552253377,Underpredicted
2704334.47707598,252584.64534521,13.42986425349204,10.805993454500944,-2.6238707989910957,Underpredicted
2691041.12439765,266532.71653038,9.90353755128617,11.754057401884547,1.850519850598376,Overpredicted
2676946.89930531,230410.18739763,10.59665973278358,11.72750014711221,1.1308404143286293,Overpredicted
2691189.3554004,266282.74360514,10.915106645867503,12.053210689004814,1.1381040431373108,Overpredicted
2678407.03024331,230441.75032663,15.048726872113876,12.0348817700106,-3.013845102103277,Underpredicted
2701565.3346484,253128.2252948,14.45736497045232,10.8978510746753,-3.5595138957770196,Underpredicted
2674420.36269173,228202.40408355,15.048726872113876,11.606922806920544,-3.441804065193333,Underpredicted
2699230.8314434,240061.72780579,12.130815551850676,13.479184351122665,1.3483687992719897,Overpredicted
2674680.48225023,236449.1149523,15.444751293772969,11.758139983524615,-3.686611310248354,Underpredicted
2698958.49799857,250358.64815679,9.798182590890704,11.466079418850404,1.6678968279596997,Overpredicted
2699818.59896864,259059.01592663,14.680541679094103,11.714881284654842,-2.9656603944392614,Underpredicted
2708150.93925931,258713.13308822,10.819798284210286,11.974475234580833,1.154676950370547,Overpredicted
2695003.71358532,257606.76095714,9.61587214452889,11.56979282833933,1.9539206838104395,Overpredicted
2702834.26452523,261460.14202988,15.01860327512709,11.47075141669492,-3.5478518584321694,Underpredicted
2698750.1808299,257499.46064679,13.399996629152977,11.632921452359136,-1.7670751767938402,Underpredicted
2687323.19318523,246024.21883355,10.064798252418376,12.307790176416038,2.2429919239976623,Overpredicted
2694784.68580815,223155.47192022,11.002116507732016,12.155266288398025,1.1531497806660091,Overpredicted
2700056.60997556,263043.53748514,14.66495268918727,11.640001120355326,-3.024951568831945,Underpredicted
2674443.58246157,239830.06685179,15.444751293772969,11.762718205580125,-3.682033088192844,Underpredicted
2695593.05131739,253789.89818405,9.39274525863144,11.33726303418529,1.9445177755538499,Overpredicted
2719319.69677739,259383.97689088,10.12667110305036,11.479952814824568,1.3532817117742084,Overpredicted
2674497.73720889,230206.80132146,9.48804786328076,11.941042280308215,2.4529944170274547,Overpredicted
2679198.39283381,229440.58467805,9.648659816955297,11.635521667707708,1.9868618507524118,Overpredicted
2698752.36881764,257515.57380354,13.399996629152977,11.633114009810487,-1.7668826193424891,Underpredicted
2706234.2288539,260968.55311805,15.01860327512709,11.74952021940683,-3.2690830557202606,Underpredicted
2675268.35771489,235798.7993238,9.90353755128617,11.940375063025256,2.036837511739085,Overpredicted
2697419.84523597,256383.81097521,14.45736497045232,11.53710120994615,-2.9202637605061703,Underpredicted
2694195.57642207,250277.05875304,9.800956363888462,11.361578873636788,1.5606225097483257,Overpredicted
2690380.77794932,252955.16363305,14.680541679094103,11.068000829929854,-3.6125408491642492,Underpredicted
2698916.43180972,263316.90406439,14.680541679094103,11.893388012820674,-2.7871536662734293,Underpredicted
2678010.52250615,228736.38726754,9.792611856190192,11.712743003157359,1.920131146967167,Overpredicted
2671928.54385647,241598.00458889,10.308985993422082,11.838700607260751,1.529714613838669,Overpredicted
2673238.72824398,239144.76572897,15.444751293772969,11.759878726701258,-3.684872567071711,Underpredicted
2704680.71293207,250983.53503038,12.160033942617156,10.921448462061262,-1.2385854805558942,Underpredicted
2688809.29979306,247209.73581946,10.59665973278358,11.87987619067269,1.2832164578891092,Overpredicted
2700943.5327424,265356.79204497,9.90353755128617,11.717934365445245,1.8143968141590747,Overpredicted
2689077.98134232,251025.8357988,9.61587214452889,11.143118341139775,1.5272461966108857,Overpredicted
2690401.11353856,226474.52893038,9.90353755128617,12.446216254336004,2.542678703049834,Overpredicted
2718136.07151997,261382.04376088,10.59665973278358,11.802973583996083,1.206313851212503,Overpredicted
2684551.2072594,240684.45785955,10.62135173563291,11.981548468281044,1.3601967326481343,Overpredicted
2698784.3028089,268790.55945563,13.106583527876811,11.947110759380974,-1.1594727684958368,Underpredicted
2676211.66324298,228995.17612004,9.62251624577579,11.852691985127727,2.230175739351937,Overpredicted
2703309.51587132,255120.17701955,9.61587214452889,11.441453808308525,1.8255816637796354,Overpredicted
2669467.67443439,240948.19912997,15.444751293772969,11.89375998022666,-3.5509913135463087,Underpredicted
2686933.71955472,249344.50418772,10.491301994830229,12.010477310401019,1.5191753155707897,Overpredicted
2715885.37720248,260678.56550905,15.048726872113876,11.85767536760933,-3.1910515045045464,Underpredicted
2674085.7813399,229128.99934322,13.42986425349204,11.695346074861977,-1.7345181786300632,Underpredicted
2675218.25971797,245548.01768622,15.444751293772969,11.779200827719325,-3.6655504660536433,Underpredicted
2711121.7879764,257460.8878893,9.39274525863144,11.819241748895383,2.4264964902639434,Overpredicted
2703673.31927755,253856.61786689,13.552508089888176,11.52232410419857,-2.0301839856896073,Underpredicted
2694781.16252123,227083.06741147,10.59665973278358,12.631930433137583,2.035270700354003,Overpredicted
2687034.12453765,244553.63384822,11.326607934898927,12.748198947942948,1.4215910130440204,Overpredicted
2707987.71976948,250576.36688146,10.463131911491969,11.882977673468648,1.4198457619766796,Overpredicted
2696183.9595844,249176.3493403,9.90353755128617,11.386900205880986,1.4833626545948153,Overpredicted
2704533.01145582,251623.34543055,9.210440366976515,10.84705165766885,1.6366112906923345,Overpredicted
2693426.48511247,252593.44585255,10.16972890675306,11.354593036356334,1.184864129603275,Overpredicted
2670752.25191773,234657.05193537,10.59665973278358,11.967919871733784,1.3712601389502037,Overpredicted
2692216.4635824002,265598.32797922,14.680541679094103,11.62827996073911,-3.052261718354993,Underpredicted
2712716.54200473,265487.14611496,10.819798284210286,11.979394939020876,1.1595966548105903,Overpredicted
2677143.82378022,232514.9417183,11.682676678340282,12.827987898590129,1.1453112202498463,Overpredicted
2675473.46655664,232736.97998813,10.463131911491969,11.908488320921197,1.4453564094292286,Overpredicted
2709773.72013448,254084.12462972,9.90353755128617,11.491932490580087,1.5883949392939165,Overpredicted
2700312.28170832,258791.4305038,15.01860327512709,11.747233968577241,-3.2713693065498486,Underpredicted
2745937.4604709,285630.61763896,9.546884034617923,12.609954124078728,3.0630700894608047,Overpredicted
2673421.63699889,239190.98873363,10.239995502805316,11.899362301793001,1.6593667989876852,Overpredicted
2685998.58034889,239585.13394271,13.815511557963774,12.438697578375844,-1.3768139795879293,Underpredicted
2689148.34307823,227252.71044488,10.463131911491969,12.327801464228045,1.8646695527360766,Overpredicted
2676224.72588089,229891.6949963,9.561067663645012,11.525568103145982,1.96450043950097,Overpredicted
2728591.20054406,265028.62242572,10.819798284210286,11.93442002398347,1.1146217397731846,Overpredicted
2674686.83886482,241084.20312305,15.444751293772969,11.602969830871189,-3.84178146290178,Underpredicted
2674633.61587414,225216.07901947,10.12667110305036,11.457794831226273,1.331123728175914,Overpredicted
2673215.05112597,239080.2120523,13.863348840666829,11.776383654042267,-2.086965186624562,Underpredicted
2675560.10975607,232061.4130978,10.59665973278358,11.826500825196648,1.2298410924130678,Overpredicted
2689007.73804449,254764.36834797,12.59935045597284,11.241505729004057,-1.3578447269687821,Underpredicted
2690427.74898398,249859.70788172,9.39274525863144,11.369891215259814,1.977145956628375,Overpredicted
2690258.10693482,250979.88379097,10.11662117122102,11.248436570493972,1.131815399272952,Overpredicted
2702143.01623581,247437.38037729,14.085538458535822,12.402908748663414,-1.6826297098724083,Underpredicted
2674294.03321998,228702.14914705,12.7806530458862,11.637373042991028,-1.1432800028951728,Underpredicted
2713455.91388556,260877.07725114,10.261196961231647,11.836924714004095,1.5757277527724476,Overpredicted
2668397.54009172,243280.94938572,15.444751293772969,11.929834296919285,-3.5149169968536835,Underpredicted
2674956.3839294,238764.06996804,10.12667110305036,11.541967558489198,1.4152964554388383,Overpredicted
2689518.09824423,253237.82120422,9.210440366976515,11.24988550996135,2.0394451429848353,Overpredicted
2695167.08727431,264273.24073438,13.71015115341694,11.928558746435552,-1.781592406981387,Underpredicted
2670753.9080824,241340.98804255,10.714439990727769,12.156817450736508,1.4423774600087391,Overpredicted
2699784.65152998,254258.29652546,9.39274525863144,11.348041943489736,1.9552966848582969,Overpredicted
2690253.64500147,252208.04111154,9.39274525863144,11.000082713637875,1.6073374550064354,Overpredicted
2676358.86996956,229054.60710354,10.12667110305036,11.853235839560186,1.7265647365098271,Overpredicted
2747182.7886889,290211.58813579,10.308985993422082,12.527048898014765,2.218062904592683,Overpredicted
2706470.0020044,260773.44360013,10.203629181337648,11.688663169002043,1.4850339876643943,Overpredicted
2693906.06879897,272864.99356396,15.01860327512709,11.80729034165186,-3.211312933475229,Underpredicted
2702899.42679648,254223.22441714,9.798182590890704,11.516766652894233,1.7185840620035293,Overpredicted
2690293.33980398,230253.52366896,14.301018989130402,12.923775442504882,-1.37724354662552,Underpredicted
2696563.3840224,227317.23918721,10.819798284210286,12.90280882536622,2.083010541155934,Overpredicted
2674554.92738323,228108.89508422,10.463131911491969,11.621661923814079,1.1585300123221103,Overpredicted
2672498.85997306,243507.97649072,10.165890277802454,11.545144529522158,1.3792542517197042,Overpredicted
2710676.41255482,254170.26750205,10.373522431293592,11.626798582823719,1.2532761515301267,Overpredicted
2692698.62895665,263881.3573318,14.420919370067592,11.88156576081722,-2.539353609250373,Underpredicted
2669568.81071506,241501.0202028,15.444751293772969,12.130264316522718,-3.314486977250251,Underpredicted
2694417.79612198,251422.73592363,10.859018228147889,12.147183010361175,1.2881647822132862,Overpredicted
2693268.30695115,252477.9903748,9.210440366976515,11.333895737219395,2.12345537024288,Overpredicted
2699208.97387557,263737.40519188,14.66495268918727,11.814872766124,-2.850079923063271,Underpredicted
2675370.19839048,227768.1559363,9.53249633228804,11.780871734977815,2.248375402689774,Overpredicted
2700023.88891239,253988.27672429,9.210440366976515,11.34239649524232,2.1319561282658057,Overpredicted
2677171.08061548,239275.39768554,14.87786369040364,11.869372515737,-3.0084911746666396,Underpredicted
2702558.45733406,253515.47156754,12.758666695808335,11.520287112438528,-1.2383795833698077,Underpredicted
2671654.73042773,243204.35997197,10.308985993422082,11.787060669125136,1.4780746757030538,Overpredicted
2699749.94753115,257922.9145243,10.32551474894327,11.686886257838092,1.3613715088948215,Overpredicted
2705085.36172906,247360.3076968,14.87786369040364,12.426487504408826,-2.451376185994814,Underpredicted
2711730.81562974,271648.09114213,11.51293546492023,12.971836180403052,1.458900715482823,Overpredicted
2699378.63265698,255087.78469588,9.83097062169695,11.256511994628118,1.4255413729311677,Overpredicted
2710984.34993106,254259.27716655,10.618273908199557,11.77607597999284,1.1578020717932826,Overpredicted
2674212.64886831,269098.1913863,10.87806606028079,12.62583659315174,1.74777053287095,Overpredicted
2699190.20324381,258470.31533238,10.275085591132717,11.74537479605499,1.470289204922274,Overpredicted
2698581.34028831,257865.44219829,12.768000045345248,11.566127747434129,-1.2018722979111196,Underpredicted
2693214.51276739,252440.11085738,9.61587214452889,11.312282771692708,1.696410627163818,Overpredicted
2700329.38075548,257030.30377671,10.308985993422082,11.439383277072412,1.1303972836503302,Overpredicted
2694012.40487239,273017.97750996,10.12667110305036,11.824503026570547,1.6978319235201873,Overpredicted
2687618.41306722,248672.02390538,10.819798284210286,11.93504404115451,1.1152457569442245,Overpredicted
2706370.29551089,249649.43238363,13.590864628645196,11.863698515671425,-1.7271661129737712,Underpredicted
2690553.43311581,229555.2271653,9.210440366976515,12.144978171768905,2.93453780479239,Overpredicted
2704020.44095865,246534.67417747,14.66495268918727,12.921287502925365,-1.7436651862619055,Underpredicted
2684376.00944707,279505.8083663,11.918397239722838,13.66178621614648,1.7433889764236419,Overpredicted
2689916.9248744,250040.79347755,14.66495268918727,11.145615451494624,-3.519337237692646,Underpredicted
2672542.08396798,240839.50774629,9.904037401341563,11.600792461776347,1.6967550604347839,Overpredicted
2699725.32061189,261161.57602596,15.048726872113876,11.427843557956342,-3.6208833141575347,Underpredicted
2691013.54144757,229889.10576263,14.301018989130402,13.022598314748523,-1.278420674381879,Underpredicted
2690552.80122732,253234.11419064,9.699104418939656,11.064259897923574,1.365155478983917,Overpredicted
2693803.8875729,246262.37124439,14.181022044407316,12.13466485622785,-2.0463571881794653,Underpredicted
2705281.54473564,252127.69908063,13.590864628645196,10.993753362017674,-2.597111266627522,Underpredicted
2688738.05780956,252528.07262371,14.66495268918727,11.088397967969392,-3.576554721217878,Underpredicted
2687072.4069414,250497.0848878,12.765691290604371,11.227008152834419,-1.5386831377699526,Underpredicted
2703380.16566439,252334.5320003,9.210440366976515,11.006458883514691,1.796018516538176,Overpredicted
2729090.63852157,280089.10969312,9.210440366976515,12.730750301727042,3.520309934750527,Overpredicted
2672587.31156781,239538.70883872,10.389026137075234,11.915793991003893,1.5267678539286589,Overpredicted
2696761.34458448,262707.07391922,9.210440366976515,12.12827345648985,2.9178330895133353,Overpredicted
2706375.28204948,252378.18972138,10.12667110305036,11.445380996939344,1.3187098938889843,Overpredicted
2699392.02633098,257511.61252539,12.823552947164703,11.613000050713561,-1.2105528964511425,Underpredicted
2677797.88513614,230125.14302021,10.463131911491969,11.798958017679535,1.3358261061875663,Overpredicted
2688258.41277148,252204.80096056,12.59935045597284,10.908609527851963,-1.690740928120876,Underpredicted
2693796.76619606,249727.75342122,15.048726872113876,11.463968258439543,-3.5847586136743335,Underpredicted
2671615.98312989,239469.57052554,9.305741456739437,11.969353740167925,2.6636122834284883,Overpredicted
2669626.98677981,240557.89216779,15.444751293772969,11.777937584212356,-3.6668137095606124,Underpredicted
2712056.68243206,255494.22384363,15.01860327512709,11.809942372055927,-3.208660903071163,Underpredicted
2697112.53318655,234058.01376338,14.316286451937186,12.903868285337868,-1.412418166599318,Underpredicted
2673503.28545764,222584.3769338,10.308985993422082,11.680120305594805,1.3711343121727229,Overpredicted
2676836.09965815,228683.07471013,15.444751293772969,12.145339223185793,-3.2994120705871754,Underpredicted
2674991.96358265,228604.77860688,15.048726872113876,11.73794073302726,-3.3107861390866162,Underpredicted
2714143.69138139,250233.97681822,13.772082044422817,12.055165258178663,-1.7169167862441537,Underpredicted
2677666.61144856,231431.54263838,9.90353755128617,11.921236875809564,2.0176993245233934,Overpredicted
2701044.96036106,248420.74127147,10.463131911491969,12.22472035862781,1.761588447135841,Overpredicted
2701208.55025698,250222.2192958,9.90353755128617,11.112190099256493,1.2086525479703223,Overpredicted
2691348.20285173,253749.4366508,9.90353755128617,11.344436186531807,1.4408986352456363,Overpredicted
2701164.46865223,255063.36643763,12.768000045345248,11.31645259800123,-1.4515474473440175,Underpredicted
2705457.31570956,252478.30763139,9.852246888342531,11.085825936716876,1.2335790483743452,Overpredicted
2720631.49533489,259863.06123455,13.623139877437296,11.81448441712098,-1.8086554603163165,Underpredicted
2676607.64210981,231866.99255489,9.64911129879082,11.668799294745199,2.0196879959543796,Overpredicted
2676050.8285909,239319.16728304,10.308985993422082,11.847373015638777,1.5383870222166944,Overpredicted
2745423.21970148,291827.16397288,10.373522431293592,12.59330795021253,2.219785518918938,Overpredicted
2699291.94844714,252793.94643579,12.7022951610422,11.207270808326928,-1.4950243527152711,Underpredicted
2694232.54189931,223468.82463996,10.308985993422082,12.080752317805004,1.7717663243829218,Overpredicted
2696066.1212374,222951.5809238,11.225256725762891,12.765871306424598,1.5406145806617069,Overpredicted
2687855.66062422,246428.14683147,14.674649181860952,11.855232403215247,-2.8194167786457047,Underpredicted
2691275.25778764,262735.44984671,10.308985993422082,11.774580495210751,1.4655945017886687,Overpredicted
2696741.91975456,274248.0806928,10.491301994830229,11.901344404582016,1.410042409751787,Overpredicted
2676486.28277248,239390.78754663,14.66495268918727,12.04194724568848,-2.6230054434987906,Underpredicted
2689608.31952047,267061.44775638,9.90353755128617,11.808583643721597,1.9050460924354269,Overpredicted
2699299.29718573,259266.84326689,9.61587214452889,11.745021685052942,2.129149540524052,Overpredicted
2694927.17502448,251296.9809258,10.12667110305036,11.24702126739734,1.1203501643469806,Overpredicted
2705033.0344059,253203.87507789,12.870604278843675,11.004498367528027,-1.866105911315648,Underpredicted
2700803.81320556,261004.15836179,9.90353755128617,11.278455465662619,1.3749179143764483,Overpredicted
2698971.03898397,257500.73525055,13.753340429968189,11.641817269203305,-2.111523160764884,Underpredicted
2695695.80734548,253964.01594605,9.472781556562168,11.272236474527487,1.7994549179653188,Overpredicted
2678393.72712031,231487.96706621,10.59665973278358,11.867683908230141,1.271024175446561,Overpredicted
2698670.36635698,257542.91528431,13.241310180065568,11.632763665153083,-1.6085465149124847,Underpredicted
2708960.38514698,254142.04282096,10.12667110305036,11.439969369463231,1.3132982664128718,Overpredicted
2694905.8578099,247838.31199013,13.527829818844936,12.190534719141747,-1.337295099703189,Underpredicted
2691347.14773573,278649.76316239,10.819798284210286,12.204725246165285,1.3849269619549993,Overpredicted
2709665.64456323,252807.5704243,15.01860327512709,11.34048613110907,-3.678117144018019,Underpredicted
2688620.70404164,245415.28140314,10.714439990727769,12.084414552194197,1.369974561466428,Overpredicted
2688503.57271422,229161.66167946,14.301018989130402,12.81978628133433,-1.481232707796071,Underpredicted
2704965.92397581,252211.10803455,13.106583527876811,10.846847219661482,-2.259736308215329,Underpredicted
2690498.64352722,270043.27545413,11.104972264124868,12.238439628483487,1.1334673643586193,Overpredicted
2726196.07541306,262750.41832072,10.59665973278358,12.038418750404436,1.4417590176208552,Overpredicted
2712633.5782599,255405.94777347,13.552508089888176,11.729946132791296,-1.8225619570968803,Underpredicted
2673119.92926897,242971.45459788,10.251429474400627,11.654879776970375,1.4034503025697482,Overpredicted
2716985.73326948,258600.3403348,10.59665973278358,11.715599755492077,1.1189400227084967,Overpredicted
2695995.86186348,272835.4339118,10.463131911491969,11.886420349808157,1.4232884383161881,Overpredicted
2693778.78690131,250533.35876538,13.169248871698304,11.715162784456194,-1.4540860872421106,Underpredicted
2694182.2844539,250640.42187147,9.90353755128617,11.573691030295725,1.6701534790095547,Overpredicted
2699356.75704457,248298.9180243,9.210440366976515,11.414840745348599,2.2044003783720836,Overpredicted
2699717.56144106,259822.62955688,15.048726872113876,11.824142646039213,-3.224584226074663,Underpredicted
2704948.95681815,252085.90749756,13.1021586292684,10.846211234846109,-2.255947394422291,Underpredicted
2676394.36202456,230597.29233839,13.90626583447433,11.737261396950947,-2.169004437523384,Underpredicted
2669578.36843874,240658.1459043,15.444751293772969,11.678573140670412,-3.7661781531025564,Underpredicted
2703024.61191356,252386.79698764,13.618200431681036,10.84795830608076,-2.7702421256002765,Underpredicted
2689456.80046657,227025.95368055,11.20914111049236,12.407835604470721,1.1986944939783601,Overpredicted
2712639.27509889,259662.72206829,10.819798284210286,11.941218057251898,1.1214197730416124,Overpredicted
2674889.54219957,238440.93281905,9.855819258834629,11.744162780242757,1.8883435214081281,Overpredicted
2714273.67799807,250495.72662281,13.732130035981154,12.34861172148809,-1.3835183144930632,Underpredicted
2718875.16682656,257586.56906839,9.61587214452889,11.879747617771816,2.2638754732429263,Overpredicted
2707034.72036314,248739.00507063,9.90353755128617,11.986504688189237,2.0829671369030667,Overpredicted
2711045.00400923,249234.9968608,9.210440366976515,12.133868052216389,2.923427685239874,Overpredicted
2700150.04089107,263705.75597696,10.12667110305036,11.651805163269422,1.525134060219063,Overpredicted
2701025.80259098,261909.0325363,10.12667110305036,11.539437293816803,1.412766190766444,Overpredicted
2691263.65380822,262743.25429305,10.463131911491969,11.774660192749277,1.3115282812573081,Overpredicted
2678538.71206656,230399.87836313,10.757924157061597,11.873724394670667,1.1158002376090703,Overpredicted
2693773.24622998,257663.24345571,10.16203685698089,11.366811301311616,1.2047744443307256,Overpredicted
2718759.76154557,254145.53133105,14.603968372873895,13.155579180825068,-1.4483891920488272,Underpredicted
2674762.75537965,229280.64438114,10.53212287826962,11.87750062688182,1.3453777486122007,Overpredicted
2695744.17995214,271084.81175688,10.799595985047786,11.95385226987283,1.1542562848250437,Overpredicted
2693562.83949856,248974.70079346,14.45736497045232,11.450217792278934,-3.007147178173385,Underpredicted
2673298.56736314,240009.66918288,13.112315061750808,11.816100747321457,-1.296214314429351,Underpredicted
2673222.19415632,232524.83080614,10.308985993422082,11.885437336090071,1.5764513426679887,Overpredicted
2687737.22385323,251378.84001406,9.61587214452889,11.037705936118632,1.4218337915897425,Overpredicted
2698718.91022314,258237.37879038,13.399996629152977,11.571284453359429,-1.828712175793548,Underpredicted
2695529.90249357,260315.35429321,9.259225769705994,11.192524669023033,1.9332988993170392,Overpredicted
2698958.8359244,244540.75460888,11.51293546492023,12.639642391027213,1.1267069261069835,Overpredicted
2701801.29021323,250019.2039538,9.61587214452889,11.12055129615626,1.5046791516273696,Overpredicted
2723572.2453589,272896.55288404,11.149096419938578,12.413073262452368,1.2639768425137898,Overpredicted
2705685.90383506,249385.06841105,9.61587214452889,11.370724059232295,1.754851914703405,Overpredicted
2682391.09773448,242992.66649772,13.71015115341694,12.100969150924378,-1.6091820024925614,Underpredicted
2706600.88428856,265246.4412158,10.165890277802454,11.697211720015355,1.5313214422129011,Overpredicted
2689134.53733157,267306.09818572,10.59665973278358,11.831383936726397,1.2347242039428163,Overpredicted
2693703.17583206,249418.02208529,10.085850775128716,11.456062254491165,1.3702114793624496,Overpredicted
2694484.45937447,250849.29940647,9.210440366976515,11.336126562155322,2.1256861951788064,Overpredicted
2687425.14409681,251546.56474422,9.581972891547895,11.292643155937153,1.7106702643892575,Overpredicted
2675587.25668339,240813.45169605,15.444751293772969,11.95198956314683,-3.492761730626139,Underpredicted
2695924.83313414,225011.07024314,10.714417768752456,12.176574707450817,1.4621569386983602,Overpredicted
2687078.70482907,244547.5003303,13.772082044422817,12.18963400012213,-1.582448044300687,Underpredicted
2699383.10771364,257452.08016413,12.9137586237112,11.612299194857528,-1.301459428853672,Underpredicted
2701400.31234065,254124.04646589,13.319422467956736,11.342863077514757,-1.9765593904419791,Underpredicted
2692847.94657139,261602.29660122,11.002116507732016,12.196828007164301,1.1947114994322856,Overpredicted
2676298.18505156,243520.45251563,10.12667110305036,11.990540055627948,1.8638689525775884,Overpredicted
2691002.54212573,251272.44783838,10.518700218288163,11.635272961558513,1.1165727432703498,Overpredicted
2689086.46656156,269710.92146005,11.097425172408933,12.412021053796243,1.3145958813873104,Overpredicted
2693337.83273073,233982.97487147,15.214942985487458,14.008340498514176,-1.2066024869732814,Underpredicted
2702257.84212165,255087.04683647,10.404293143019792,11.534477017818578,1.1301838747987851,Overpredicted
2688774.33267139,249307.91108505,9.798182590890704,11.745442084836279,1.947259493945575,Overpredicted
2704341.89307165,252640.15179588,14.53902155645949,10.843196298361073,-3.6958252580984166,Underpredicted
2701228.87830031,254947.83845347,14.45736497045232,11.31633386676571,-3.1410311036866094,Underpredicted
2699255.56203698,258951.74973696,10.491301994830229,11.740267950573465,1.2489659557432358,Overpredicted
2718786.57874915,259711.77643213,13.623139877437296,11.645061168817154,-1.9780787086201421,Underpredicted
2713178.08471681,266081.94577838,11.002116507732016,12.127893246314233,1.1257767385822177,Overpredicted
2694372.6029709,255169.26583213,10.239995502805316,11.53674321828299,1.2967477154776734,Overpredicted
2693148.36034064,267440.79214205,14.66495268918727,11.728417137140806,-2.9365355520464647,Underpredicted
2700308.53893365,264106.66167122,13.552508089888176,11.722291481579353,-1.8302166083088238,Underpredicted
2699193.43814547,259088.20090763,10.12667110305036,11.742242578338338,1.6155714752879788,Overpredicted
2720600.96258757,263472.90670513,10.819798284210286,11.942451797526013,1.1226535133157274,Overpredicted
2699202.87152556,258559.44704388,13.753340429968189,11.746447187048151,-2.0068932429200377,Underpredicted
2706438.76453406,248332.41828538,14.076500031686043,11.921550947203169,-2.1549490844828743,Underpredicted
2677610.13059039,230317.03240022,10.819798284210286,12.09446828103673,1.2746699968264448,Overpredicted
2726804.90457597,285335.44106397,11.350418300109132,12.488504174860136,1.1380858747510043,Overpredicted
2690384.59880781,252982.95852497,9.38429367909962,11.06811252587366,1.6838188467740398,Overpredicted
2693576.30764748,247088.6507598,15.516232738904357,13.066941635583767,-2.44929110332059,Underpredicted
2689721.22415031,267552.89067113,14.680541679094103,11.841845366542469,-2.838696312551635,Underpredicted
2679300.73580498,229281.00789747,9.90353755128617,11.565766135636839,1.6622285843506681,Overpredicted
2707510.77321681,250320.62034571,14.53902155645949,11.831632296120528,-2.707389260338962,Underpredicted
2698623.50621448,258169.66731164,10.308985993422082,11.569816990061957,1.260830996639875,Overpredicted
2694906.84041947,253481.59302638,10.308985993422082,11.50228493012651,1.1932989367044282,Overpredicted
2714669.93573573,258018.80672097,14.018452218287162,11.499500484442924,-2.518951733844238,Underpredicted
2695853.27356598,226319.32943763,11.775297421715829,13.105618856353786,1.3303214346379573,Overpredicted
2693180.56139173,248883.76101471,13.732130035981154,11.462620207833881,-2.2695098281472728,Underpredicted
2677341.22397597,241224.81045339,9.61587214452889,11.721152337248956,2.105280192720066,Overpredicted
2699141.19218698,258703.86735871,10.53212287826962,11.737609075756877,1.2054861974872573,Overpredicted
2677302.24669173,230312.07112405,15.048726872113876,11.791395307208283,-3.257331564905593,Underpredicted
2678059.35639797,230596.99607913,10.714439990727769,12.065885737950024,1.3514457472222556,Overpredicted
2703880.3178793,268519.76078463,10.650199196425806,11.77346444776575,1.1232652513399444,Overpredicted
2695323.89601581,252990.5562788,9.741027444837728,11.213650874218581,1.4726234293808531,Overpredicted
2697879.10645656,251559.04437804,9.210440366976515,11.077456287913627,1.8670159209371118,Overpredicted
2709603.5190313198,249735.29605705,12.721888795877376,11.565587349483222,-1.1563014463941546,Underpredicted
2702592.46874897,252141.78337005,9.210440366976515,10.990581493247985,1.7801411262714701,Overpredicted
2698967.48846614,256835.03415413,13.753340429968189,11.465449347513085,-2.287891082455104,Underpredicted
2705779.75305681,252302.51795672,9.210440366976515,11.062031922829886,1.8515915558533713,Overpredicted
2694126.02406773,250197.70720571,10.308985993422082,11.5179420554337,1.2089560620116178,Overpredicted
2677014.56189965,229638.2840858,10.12667110305036,11.818710621928515,1.6920395188781558,Overpredicted
2702143.01623581,247437.38037729,14.085538458535822,12.335527952056893,-1.7500105064789295,Underpredicted
2671123.54579456,239230.91089788,10.62135173563291,11.868154975074855,1.2468032394419453,Overpredicted
2710932.46125531,253644.76428796,10.308985993422082,11.556390417630986,1.247404424208904,Overpredicted
2688196.50738348,247100.85874063,9.90353755128617,11.955219870899251,2.0516823196130805,Overpredicted
2691948.01234764,268950.27173463,11.350418300109132,12.59677472412623,1.2463564240170975,Overpredicted
2713149.22027323,257585.52477913,10.221977646629885,11.875083770104347,1.653106123474462,Overpredicted
2709316.81159948,249962.2650913,15.01860327512709,11.582091769557197,-3.436511505569893,Underpredicted
2689616.86084197,246789.4466338,14.53902155645949,11.84685418891805,-2.6921673675414404,Underpredicted
2671070.77555889,239557.41155721,15.444751293772969,11.86819338999943,-3.576557903773539,Underpredicted
2689587.83530948,244310.09693372,13.384729180332174,11.875294347705317,-1.509434832626857,Underpredicted
2674594.53721215,227353.36870813,12.7806530458862,11.520650842358743,-1.260002203527458,Underpredicted
2677849.78004548,261381.14546871,9.39274525863144,13.22988022274819,3.83713496411675,Overpredicted
2702143.01623581,247437.38037729,14.085538458535822,12.320115211434675,-1.7654232471011468,Underpredicted
2703993.27565865,247795.21233881,14.53902155645949,12.351101919350254,-2.1879196371092355,Underpredicted
2693085.50416714,226864.6538063,10.491301994830229,12.34935776212633,1.8580557672961007,Overpredicted
2675352.51633923,228293.08303605,13.90626583447433,11.82869209548535,-2.0775737389889812,Underpredicted
2694983.78449132,256234.76599772,10.5713425658087,11.999518468644897,1.4281759028361964,Overpredicted
2717379.27841415,261236.21268772,10.12667110305036,11.822444983238668,1.6957738801883089,Overpredicted
2690736.51608297,234838.8130548,14.006131744018864,12.8274524267131,-1.1786793173057646,Underpredicted
2701969.29906356,254110.1308113,12.758666695808335,11.407943855504438,-1.3507228403038969,Underpredicted
2691973.32988231,223745.85164496,10.819798284210286,12.359796327596525,1.5399980433862392,Overpredicted
2699665.69277839,258956.96265306,14.680541679094103,11.784946935490225,-2.895594743603878,Underpredicted
2712622.61994848,255395.53834547,13.753340429968189,11.729759138612456,-2.0235812913557325,Underpredicted
2702459.15011798,252775.15841563,9.61587214452889,10.74434630412956,1.128474159600671,Overpredicted
2699331.5310451398,260058.12646122,13.753340429968189,11.709453788843913,-2.043886641124276,Underpredicted
2693803.23534323,249197.61274922,13.772082044422817,11.457652770612519,-2.3144292738102976,Underpredicted
2698409.20119689,256979.16673988,10.434145214930489,11.688177081840426,1.254031866909937,Overpredicted
2668392.32717565,243311.02839381,15.444751293772969,11.92988004234452,-3.514871251428449,Underpredicted
2675255.91777915,232583.4573293,14.66495268918727,11.86090571623117,-2.804046972956101,Underpredicted
2671203.8776549,237776.40855755,13.863348840666829,11.843848795818083,-2.019500044848746,Underpredicted
2705691.17547806,254023.32258597,13.590864628645196,11.066465384915391,-2.524399243729805,Underpredicted
2697108.97512281,250475.08952497,13.440091026807504,11.80673819501318,-1.6333528317943244,Underpredicted
2702713.68504198,252396.80451354,9.798182590890704,10.992992559177118,1.194809968286414,Overpredicted
2696854.75548689,256757.94080438,10.96993815439584,12.13165842983872,1.16172027544288,Overpredicted
2701373.67623906,261140.14955963,13.552508089888176,11.525028425283264,-2.027479664604913,Underpredicted
2689960.9700619,254443.94871321,14.66495268918727,11.271281510423245,-3.3936711787640252,Underpredicted
2673861.86872998,225375.09740222,10.308985993422082,11.535644444944428,1.2266584515223453,Overpredicted
2691804.98868357,228590.73598404,10.714439990727769,13.287076281682818,2.5726362909550495,Overpredicted
2693990.7927109,272119.97405663,10.308985993422082,11.840759119486453,1.5317731260643708,Overpredicted
2718636.9540484,261890.85114221,10.308985993422082,11.628474697491525,1.3194887040694425,Overpredicted
2673507.4672078,225894.94642814,9.61587214452889,11.39312324729026,1.7772511027613707,Overpredicted
2692492.91545731,261937.9419273,11.674202123168431,12.959417164356644,1.2852150411882128,Overpredicted
2698148.16398931,242010.93388113,10.59665973278358,12.783731354366676,2.1870716215830956,Overpredicted
2707055.18423298,251968.85720672,14.076500031686043,11.224381923454452,-2.8521181082315916,Underpredicted
2673511.92323564,232606.42349072,9.305741456739437,11.801202166795196,2.4954607100557595,Overpredicted
2670902.7778634,239792.06758396,15.444751293772969,11.765797392083396,-3.6789539016895727,Underpredicted
2703328.27337973,247683.51407138,11.484464260148194,12.954819511858808,1.4703552517106147,Overpredicted
2690286.69185139,255273.14095247,13.618200431681036,11.74570014554396,-1.8725002861370754,Underpredicted
2698929.31170523,237696.07768147,14.220976332738882,12.914963376670626,-1.3060129560682565,Underpredicted
2700224.27171373,264250.15154171,12.758666695808335,11.642280234951883,-1.116386460856452,Underpredicted
2715057.22925247,257349.78607738,14.45736497045232,11.493116905936963,-2.964248064515356,Underpredicted
2677588.88391373,241360.75965655,10.25769445336048,11.701173669746257,1.4434792163857768,Overpredicted
2694836.00394697,269994.68007888,10.59665973278358,12.053028846778258,1.4563691139946773,Overpredicted
2700416.71030523,262940.90547255,10.292179440058462,11.669727558063926,1.377548118005464,Overpredicted
2704060.30111514,249490.41596939,14.076500031686043,12.384021641627136,-1.6924783900589073,Underpredicted
2674455.77994373,229343.26859972,10.714439990727769,12.027655350311257,1.313215359583488,Overpredicted
2672646.39478298,240100.00003897,10.12667110305036,11.857562115449628,1.730891012399269,Overpredicted
2704070.15444189,248825.11808738,14.87786369040364,12.183246919273454,-2.6946167711301854,Underpredicted
2705658.2831554,254144.4201128,10.12667110305036,11.25117488425467,1.1245037812043108,Overpredicted
2705456.05947848,252692.19368654,9.61587214452889,11.086618668868294,1.470746524339404,Overpredicted
2675387.21115173,232608.94120221,9.852246888342531,12.138426287940492,2.2861793995979607,Overpredicted
2674694.85197215,241742.91013896,9.39274525863144,11.781096783072831,2.3883515244413918,Overpredicted
2674103.43484789,228318.36284113,15.048726872113876,11.768454740237926,-3.2802721318759502,Underpredicted
2675765.64576231,230102.83991522001,10.576457535657257,11.76125824920529,1.184800713548034,Overpredicted
2705435.42369297,253610.82177055,13.1021586292684,11.218383523557426,-1.8837751057109742,Underpredicted
2718979.48321898,259663.12462655,10.545367754151744,11.707628524217442,1.1622607700656982,Overpredicted
2674224.74398848,232526.65593372,9.61587214452889,11.93653487553204,2.32066273100315,Overpredicted
2703131.52377322,248793.3599488,10.59665973278358,12.3872666793338,1.79060694655022,Overpredicted
2707171.38085099,250443.29103214,13.590864628645196,11.418682131209842,-2.1721824974353545,Underpredicted
2703583.47595331,253941.72793289,13.319422467956736,11.521671299454626,-1.79775116850211,Underpredicted
2674510.18108164,232229.83467697,10.757924157061597,12.309571906247857,1.5516477491862606,Overpredicted
2711420.42353398,256788.37184589,9.61587214452889,11.818800582529008,2.202928438000118,Overpredicted
2690474.49823432,254037.41442131,14.66495268918727,11.498750918126689,-3.1662017710605816,Underpredicted
2674400.62290181,241677.16519171,10.308985993422082,11.779211958984526,1.4702259655624434,Overpredicted
2690911.72636248,255180.26581013,14.680541679094103,11.644834355031636,-3.035707324062468,Underpredicted
2694285.18418248,226542.65379412,10.799595985047786,12.708418680229334,1.9088226951815486,Overpredicted
2712329.41876324,255101.87817164,10.4193305681139,11.786006214652781,1.3666756465388818,Overpredicted
2700243.01347415,258270.82360539,13.552508089888176,11.746890178260916,-1.8056179116272606,Underpredicted
2671211.07711557,247576.11271138,10.829748417047592,12.079331381432745,1.2495829643851533,Overpredicted
2704011.71098922,269703.8870253,10.59665973278358,11.764389982711293,1.167730249927713,Overpredicted
2715650.75365599,264394.67225005,10.12667110305036,11.969124597625752,1.842453494575393,Overpredicted
2699734.99710172,258504.2480073,10.308985993422082,11.78367723390487,1.4746912404827874,Overpredicted
2705143.73398764,251454.91893013,9.210440366976515,10.783956952606205,1.5735165856296902,Overpredicted
2690583.50031289,239652.61970013,15.53827733427679,14.027171468899807,-1.511105865376983,Underpredicted
2670631.54645048,233824.94139488,10.819798284210286,12.029837096332628,1.2100388121223418,Overpredicted
2693622.17665023,273091.21948947,11.002116507732016,12.122893294147616,1.1207767864156004,Overpredicted
2674396.87225315,228179.65314479,13.90626583447433,11.607025795285248,-2.2992400391890833,Underpredicted
2695608.43875381,260102.07880113,9.61587214452889,11.165384993494667,1.5495128489657777,Overpredicted
2698426.29827556,252946.45630138,9.61587214452889,10.93151841712378,1.3156462725948899,Overpredicted
2686293.98264523,231003.05825913,10.714439990727769,12.06845378779019,1.3540137970624215,Overpredicted
2699553.82620423,248622.02203688,12.323860125621126,11.182039747292661,-1.1418203783284646,Underpredicted
2693758.5156164,246767.01918522,15.516232738904357,12.591990900611759,-2.9242418382925983,Underpredicted
2724038.79527882,284554.95246747,11.561725152903833,12.734392036150968,1.1726668832471354,Overpredicted
2699200.79147723,256851.24311121,13.552508089888176,11.574852094329769,-1.9776559955584077,Underpredicted
2693724.1475749,250129.22505921,9.90353755128617,11.45150075346937,1.5479632021831993,Overpredicted
2699342.04841256,260132.24245472,13.753340429968189,11.710358341014262,-2.042982088953927,Underpredicted
2698510.75184681,257354.93173638,9.61587214452889,11.637520726596584,2.0216485820676944,Overpredicted
2702945.49428965,261187.19506921,15.01860327512709,11.437155718424261,-3.5814475567028285,Underpredicted
2705820.33565281,254049.25166796,14.076500031686043,11.068184104034028,-3.0083159276520153,Underpredicted
2692222.34578848,252601.50029838,15.048726872113876,11.441153379516894,-3.6075734925969822,Underpredicted
2702985.24421014,252102.5049053,9.61587214452889,10.918133561102037,1.3022614165731472,Overpredicted
2709008.25086489,252823.73804288,13.42986425349204,11.322439324675898,-2.107424928816142,Underpredicted
2674592.05690214,227494.6013653,9.568084743872936,11.520234626045719,1.9521498821727832,Overpredicted
2673053.55210514,239007.19907497,10.404293143019792,11.76885200839053,1.3645588653707375,Overpredicted
2678225.61984497,228172.21582371,12.56369114418112,11.347464132707676,-1.2162270114734444,Underpredicted
2679656.81350489,242494.84761147,10.645448706505872,12.002922379725144,1.3574736732192711,Overpredicted
2673439.00080931,237514.29753321,10.275085591132717,11.910486404066178,1.6354008129334616,Overpredicted
2707751.12837915,253806.23214088,12.870604278843675,11.355979492073095,-1.5146247867705807,Underpredicted
