parcel_number,sale_date,sale_price,number_of_bedrooms,number_of_bathrooms,total_livable_area,zip_code,category_code,exterior_condition,interior_condition,census_tract,x_coord,y_coord,crime_count_15min_walk,dist_to_park_ft,park_within_15min_walk,dist_transit_ft,transit_15min_walk,dist_to_hospital_ft,hospitals_15min_walk,total_popE,median_incomeE,per_cap_incomeE,PCBACHMORE,PCTPOVERTY,dist_to_nearest_school_ft,schools_within_15min_walk,age,age2,cooks_d,fitted,residual
211051105,2024-02-22,9.39274525863144,3,1.0986122886681098,7.783640596221253,19127,1,3,3,210,2677849.78004548,261381.14546871,1417,7.247296100654449,2,6.117290566333828,104,7.912942684237284,0.6931471805599453,5214,87660,10.876782241878017,53.90494387389539,12.581511315688532,6.934651042179073,4,11,4.804021044733257,0.00407270372370669,13.22988022274819,-3.837134964116749
071348000,2024-04-24,15.048726872113876,3,0.6931471805599453,6.92461239604856,19134,1,4,4,176,2702854.92524506,252462.83325288,9937,7.589672181197654,7,5.7699683305007285,149,7.669971229192599,1.0986122886681098,4074,33750,9.42504844446929,4.579153946794593,52.9945999018164,6.890184598002047,19,105,9.30801139914963,0.0038275690222479794,11.013067851832052,4.035659020281826
401237000,2024-04-24,15.048726872113876,3,0.6931471805599453,6.900730664045173,19142,1,4,4,65,2674420.36269173,228202.40408355,5050,7.270556356002963,3,5.8038163148977455,134,8.91134023504813,0,4672,43081,9.912645490320894,14.191988950276244,19.34931506849315,7.458401731110715,11,100,9.210440366976515,0.003431318816932725,11.606922806920544,3.441804065193333
401237400,2024-04-24,15.048726872113876,3,0.6931471805599453,6.900730664045173,19142,1,4,4,65,2674374.30405681,228157.57018371,5010,7.314221533414357,3,5.70593071058207,133,8.91771537548372,0,4672,43081,9.912645490320894,14.191988950276244,19.34931506849315,7.494790837220542,11,100,9.210440366976515,0.0034264515223333203,11.60712538614766,3.4416014859662174
043166400,2023-11-09,15.444751293772969,3,0.6931471805599453,6.985641817639208,19131,1,4,4,112,2672624.35447273,242798.61570472,7485,7.628329991963894,5,6.436473791222662,176,8.777043819215825,0,5307,28393,9.779623565313742,12.03170028818444,43.13171283210854,6.186454378841441,9,105,9.30801139914963,0.0033515188129535148,11.596846886201053,3.8479044075719164
041330100,2023-11-09,15.444751293772969,3,0.6931471805599453,7.007600613951853,19131,1,4,4,112,2673998.1732474,244134.90535496,6346,6.374721687500547,5,5.890603707739228,160,8.777060629709046,0,5307,28393,9.779623565313742,12.03170028818444,43.13171283210854,6.762357344207196,8,100,9.210440366976515,0.0033301606259447665,11.604405544440949,3.84034574933202
043055800,2023-11-09,15.444751293772969,3,0.6931471805599453,7.044905117129371,19131,1,4,4,112,2673678.32972698,243681.85934505,6871,7.0397101512674425,6,5.196034143483154,165,8.752155803216866,0,5307,28393,9.779623565313742,12.03170028818444,43.13171283210854,6.4578684162580435,10,105,9.30801139914963,0.003290634276124498,11.62263893766536,3.822112356107609
381091300,2024-05-22,14.680541679094103,3,0.6931471805599453,6.863803391452954,19129,1,4,5,171,2690911.72636248,255180.26581013,5290,7.282047293053728,2,5.856864461928347,151,8.56536748302518,0,3234,27112,9.839908570893256,6.206329634196465,36.42547928262214,6.385089901482904,13,82,8.81358720447004,0.0031970503107894813,11.644834355031636,3.0357073240624675
401220400,2024-04-24,15.048726872113876,3,0.6931471805599453,7.221835825288449,19142,1,4,4,65,2674103.43484789,228318.36284113,4722,7.395956294293643,3,6.365067791431218,125,8.898961295602968,0,4672,43081,9.912645490320894,14.191988950276244,19.34931506849315,7.55009494192929,10,105,9.30801139914963,0.0031088928242572877,11.768454740237926,3.28027213187595
611317900,2024-03-11,9.210440366976515,7,1.3862943611198906,8.343077871169383,19126,1,4,4,270,2701813.87024057,271187.42703721003,2625,7.380643413275978,3,6.438586068274335,143,8.53399098350333,0,2688,91882,10.50608072475522,52.17391304347826,7.440476190476191,7.147516549564104,8,125,9.65669147255669,0.003025367256223444,13.255003265308519,-4.0445628983320034
071025900,2024-05-08,14.45736497045232,3,0.6931471805599453,6.951772164398911,19133,1,4,4,176,2701565.3346484,253128.2252948,7887,7.298619530508453,6,5.512741875529811,143,7.943633830917654,1.0986122886681098,4074,33750,9.42504844446929,4.579153946794593,52.9945999018164,5.840692707044424,18,105,9.30801139914963,0.0029256140878255346,10.8978510746753,3.559513895777019
032022200,2023-11-09,15.444751293772969,3,0.6931471805599453,6.981934677156389,19143,1,4,5,83,2671714.21685731,236760.38270247,5744,6.703292475676441,5,5.603979357845979,167,8.108369922982863,0.6931471805599453,4844,30922,9.967213243416673,16.52542372881356,30.119735755573902,6.26445185439781,10,100,9.210440366976515,0.002845686685006388,11.91807556773618,3.5266757260367885
111388900,2024-04-24,15.048726872113876,3,0.6931471805599453,6.744059186311348,19132,1,4,5,172,2691533.25924015,253098.8080308,6538,7.6017471207660865,3,6.318931048448143,160,8.539990641613626,0,2863,25865,10.657071101899904,8.279150411790203,37.163814180929094,5.128968687869598,12,100,9.210440366976515,0.0027470050382125983,11.257434973027392,3.791291899086485
032013600,2023-11-09,15.444751293772969,3,0.6931471805599453,7.186144304522325,19143,1,4,4,83,2671151.64514782,236910.83745405,5204,7.185105111523705,5,5.341607676334173,160,8.26932791860706,0.6931471805599453,4844,30922,9.967213243416673,16.52542372881356,30.119735755573902,6.901861792900397,7,100,9.210440366976515,0.0026800204313267273,12.021736009892347,3.4230152838806225
401079900,2024-04-24,15.048726872113876,3,0.6931471805599453,6.734591659972948,19143,1,4,4,65,2674991.96358265,228604.77860688,5149,6.612644841310326,3,5.412187684572962,134,8.854223517949091,0,4672,43081,9.912645490320894,14.191988950276244,19.34931506849315,6.950147708648562,10,105,9.30801139914963,0.0026311818899560145,11.73794073302726,3.3107861390866162
031115000,2023-11-09,15.444751293772969,3,0.6931471805599453,7.273092595999522,19139,1,4,4,83,2671958.00377131,237050.65180697,6033,6.219567374187251,5,5.0978824735190775,169,8.075387964694034,0.6931471805599453,4844,30922,9.967213243416673,16.52542372881356,30.119735755573902,5.168976687347937,8,100,9.210440366976515,0.0026021687601492298,12.06912372109316,3.375627572679808
514076800,2024-04-24,15.048726872113876,3,0.6931471805599453,6.683360945766275,19143,1,4,5,71,2674965.11750773,230315.63968647,4845,7.170124726055,1,5.2610630577174895,120,8.574122158305965,0,4584,34291,10.025572433086364,11.283804787068698,28.337696335078533,6.923714849006239,11,100,9.210440366976515,0.0025669059730455746,11.636106426573352,3.4126204455405236
422137200,2024-12-06,15.01860327512709,3,0.6931471805599453,6.849066282633458,19120,1,4,4,286,2702078.78375272,263267.36479338,5152,7.791156674993772,2,6.265357305183174,183,8.616025930318012,0,6980,58350,10.096625401763932,12.212581344902386,24.040114613180517,7.02207854682593,18,95,9.107864580386948,0.002550986078571055,11.617871498886217,3.400731776240872
031127800,2023-11-09,15.444751293772969,4,0.6931471805599453,7.316548177182976,19139,1,4,4,83,2672173.92131847,238125.68869889,7041,6.978384731441305,4,5.456807249505952,177,8.20547821674701,0.6931471805599453,4844,30922,9.967213243416673,16.52542372881356,30.119735755573902,5.894138349950566,8,100,9.210440366976515,0.0025253183174705155,12.11691517925017,3.3278361145227984
072026100,2024-05-22,14.87786369040364,3,0.6931471805599453,6.859614903654202,19140,1,4,4,195,2702610.32238781,254504.92496921,6453,4.408508824427446,5,5.629969287741946,113,7.625098675443688,0.6931471805599453,3901,28205,9.475700145423472,7.791609036422314,60.88182517303255,4.88853043995371,16,80,8.764209507142004,0.002441810939270191,11.453933642691105,3.4239300477125356
514087600,2024-04-24,15.048726872113876,3,0.6931471805599453,6.870053411798126,19143,1,4,4,71,2675033.73744923,230243.26811205,4871,7.094995782328928,1,5.611243841995366,119,8.588106444898415,0,4584,34291,10.025572433086364,11.283804787068698,28.337696335078533,6.914716156882314,11,100,9.210440366976515,0.0023767019055077206,11.729844251923424,3.318882620190452
401031800,2024-04-24,15.048726872113876,3,0.6931471805599453,7.090076835776092,19143,1,4,4,71,2675825.71946107,229523.02808271,5003,6.212672518941628,2,5.703154822125944,128,8.72664201030274,0,2317,40046,9.72046575062778,12.142857142857142,29.43461372464394,4.178703542390254,8,105,9.30801139914963,0.0023761255539790365,11.73001708727184,3.3187097848420364
452293300,2024-12-06,15.01860327512709,2,0.6931471805599453,6.955592608396297,19134,1,4,4,188,2709665.64456323,252807.5704243,7764,7.372827544658228,5,5.3958897064294975,122,8.838912346538796,0,3794,20010,8.962263554116761,0.8314855875831485,77.83342119135477,4.899516931973952,11,105,9.30801139914963,0.002369137763247044,11.34048613110907,3.67811714401802
433103200,2024-04-24,15.048726872113876,3,0.6931471805599453,7.0909098220799835,19140,1,4,4,198,2699482.78599198,258134.40983622,5867,7.702254504648255,1,6.225082513068275,170,8.246625311450822,0.6931471805599453,6456,37574,9.62839259558982,16.176470588235293,22.25836431226766,6.905620176914972,20,85,8.885440911707585,0.0023369607859660994,11.687544327636253,3.3611825444776224
252099800,2024-12-06,15.01860327512709,3,0.6931471805599453,7.0909098220799835,19134,1,4,5,178,2705642.94361915,250685.9900218,10761,7.206167341073678,4,5.259717656276599,163,8.126829479501476,0.6931471805599453,6592,32009,9.855661923053525,16.23108665749656,40.47330097087379,6.525945046642993,18,105,9.30801139914963,0.002323500505193127,11.434314398951553,3.5842888761755365
034100100,2024-04-24,15.048726872113876,3,0.6931471805599453,7.048386408721883,19143,1,4,4,65,2674142.59126565,229377.36925329,4262,7.237401063805682,2,6.669552557629314,106,8.743057055575052,0,4672,43081,9.912645490320894,14.191988950276244,19.34931506849315,7.314530692900465,8,100,9.210440366976515,0.002316391436620389,11.897639284877405,3.151087587236471
432286000,2024-04-24,15.048726872113876,3,0.6931471805599453,7.208600337960199,19140,1,5,4,198,2699459.21156406,257486.33173604,5599,7.9328483619544095,3,6.373378324709086,184,8.157225353823067,0.6931471805599453,6456,37574,9.62839259558982,16.176470588235293,22.25836431226766,7.0991688668422235,22,100,9.210440366976515,0.002285765850398351,11.73406665769879,3.3146602144150865
451398500,2024-12-06,15.01860327512709,3,0.6931471805599453,6.933423025730715,19134,1,4,4,382,2709316.81159948,249962.2650913,6759,7.358781757034755,6,5.337442168212005,119,8.86215027430543,0,2819,40837,10.225099926250316,10.60756972111554,31.181269953884357,7.474258269266624,12,105,9.30801139914963,0.002252373613699235,11.582091769557197,3.4365115055698934
281281800,2024-01-20,14.66495268918727,3,0.6931471805599453,6.683360945766275,19132,1,3,3,169,2690549.53909473,251037.45060496,7591,7.256905166596939,3,6.530242537993925,174,8.85872687305783,0,3356,27479,10.34586301466439,6.957287538529282,28.87365911799762,6.799932370740682,15,110,9.401043372798052,0.002195776798486049,10.983627494050216,3.6813251951370543
381124600,2024-05-22,14.680541679094103,3,0.6931471805599453,6.846943139585379,19132,1,4,4,172,2690380.77794932,252955.16363305,5853,7.199896818752116,2,6.765849508491519,156,8.736989054431614,0,4415,47102,9.974365313169566,10.287648054145516,15.605889014722536,7.040639260537733,16,85,8.885440911707585,0.0021758092923678464,11.068000829929854,3.6125408491642497
401118600,2024-04-24,15.048726872113876,3,0.6931471805599453,7.265429723253953,19143,1,5,4,65,2674678.09150697,228885.67273013,4871,6.7697459024649325,3,4.385821301858405,126,8.813256348549446,0,4672,43081,9.912645490320894,14.191988950276244,19.34931506849315,7.011745705547057,7,105,9.30801139914963,0.002169320899611675,12.006665575568535,3.0420612965453415
282026500,2024-01-20,14.66495268918727,3,0.6931471805599453,6.892641641172089,19132,1,5,4,172,2688738.05780956,252528.07262371,4999,7.600018269386403,4,5.455633979178323,171,8.976556112712677,0,4415,47102,9.974365313169566,10.287648054145516,15.605889014722536,6.963714452456083,16,110,9.401043372798052,0.002144906881938814,11.088397967969392,3.576554721217878
888570089,2024-03-01,9.210440366976515,2,1.0986122886681098,7.1180162044653335,19152,1,4,4,347,2729090.63852157,280089.10969312,1575,8.713561837279272,0,5.057111410912738,52,8.425245367988424,0,7628,75765,10.517483294790637,32.03383596910629,9.98951232302045,8.168812751095643,2,60,8.188966863648876,0.002105146511685778,12.730750301727042,-3.520309934750528
072011100,2024-05-22,14.680541679094103,3,0.6931471805599453,6.9440872082295275,19140,1,4,5,195,2702556.59382072,253501.32034913,8468,6.829684366492385,5,5.658379390374159,146,7.99637388990406,1.0986122886681098,4615,23031,9.575122364808813,7.934382323401406,43.64030335861322,6.355807887070226,16,80,8.764209507142004,0.002090164023581113,11.520192313002234,3.1603493660918693
193064000,2024-05-08,14.45736497045232,3,0.6931471805599453,6.6293632534374485,19140,1,4,4,195,2701228.87830031,254947.83845347,6263,7.286374556263561,4,6.22328330996997,128,7.930856928534549,0.6931471805599453,3901,28205,9.475700145423472,7.791609036422314,60.88182517303255,6.290800576590106,18,105,9.30801139914963,0.0020633140128758286,11.31633386676571,3.1410311036866103
421034100,2024-12-06,15.01860327512709,3,0.6931471805599453,6.99117688712121,19120,1,4,4,289,2706234.2288539,260968.55311805,3376,7.427764607045282,2,6.05299923728,88,8.46617664566948,0,4015,31434,9.910612112478423,5.637467476149176,32.07970112079701,6.976451591947853,13,85,8.885440911707585,0.002043437623700518,11.74952021940683,3.269083055720261
421583800,2024-12-06,15.01860327512709,3,0.6931471805599453,7.0909098220799835,19120,1,3,4,289,2707073.59266073,261357.42504372,3228,7.775347684752824,2,5.725272206302917,82,8.251881821805567,0.6931471805599453,6431,38759,9.777981017296408,13.568376068376068,36.40180376302286,7.528105486468191,6,95,9.107864580386948,0.002032396472969084,11.762943574109581,3.2556597010175095
433301700,2024-04-24,15.048726872113876,3,0.6931471805599453,6.904750769961838,19140,1,4,4,197,2699826.7515114,259117.93116313,5232,7.446140052929755,1,5.350328442683328,184,8.450466811835593,0,6746,27979,9.485089169016064,5.2485549132947975,56.225911651348945,5.208337098310103,18,100,9.210440366976515,0.0019711448988872647,11.715581895317746,3.3331449767961305
433062600,2024-04-24,15.048726872113876,3,0.6931471805599453,6.966967138613983,19140,1,4,4,197,2700256.20373648,258368.5219008,5009,7.830070257753405,1,6.141686172321797,163,8.302923544097466,0,6746,27979,9.485089169016064,5.2485549132947975,56.225911651348945,6.403105153687167,19,85,8.885440911707585,0.0019362547563541966,11.74801483186775,3.3007120402461263
381139400,2024-05-22,14.64233861997473,3,0.6931471805599453,7.29776828253138,19132,1,4,4,172,2690337.89122406,253045.30584122,5929,7.12250324813213,2,6.853453826470007,158,8.738086078382391,0,4415,47102,9.974365313169566,10.287648054145516,15.605889014722536,6.9595218118378686,14,85,8.885440911707585,0.001933451922279696,11.298116456214984,3.344222163759745
161192900,2024-04-24,15.048726872113876,3,0.6931471805599453,6.932447891572509,19132,1,3,5,167,2694101.05495757,251371.70092072,9146,7.620518005133661,4,5.1278977975133655,183,8.394304714259736,0,3501,38973,9.947217315397454,12.28316924519456,29.44872893459012,6.784363562192451,14,110,9.401043372798052,0.0019285592077841413,11.442869104908674,3.6058577672052023
432296900,2024-01-20,14.66495268918727,3,0.6931471805599453,6.957497370876951,19140,1,4,4,198,2699281.55673565,257467.51287605,5725,7.916635658197486,3,6.077301210379118,187,8.10730266890436,1.0986122886681098,6456,37574,9.62839259558982,16.176470588235293,22.25836431226766,7.084421823816418,18,85,8.885440911707585,0.0019262202560070712,11.611589666796064,3.0533630223912054
433122700,2024-04-24,15.048726872113876,3,0.6931471805599453,7.01301578963963,19140,1,4,4,197,2699257.94851515,258606.43579505,5697,7.433694882034279,1,5.601940659709665,182,8.271970493976967,0.6931471805599453,6746,27979,9.485089169016064,5.2485549132947975,56.225911651348945,6.587965188865285,19,90,8.999742789830492,0.0019160660679703072,11.762921237963736,3.2858056341501407
281041100,2024-01-20,14.66495268918727,3,0.6931471805599453,7.005789019253503,19132,1,5,4,169,2689916.9248744,250040.79347755,7635,7.079186535412545,4,5.3829595330819915,178,8.951894609060394,0,3356,27479,10.34586301466439,6.957287538529282,28.87365911799762,6.3464485883605946,14,110,9.401043372798052,0.0019139828002015136,11.145615451494624,3.519337237692646
433252900,2024-12-06,15.01860327512709,3,0.6931471805599453,6.955592608396297,19140,1,3,4,197,2700312.28170832,258791.4305038,4903,7.73993638929086,1,6.0461854070423495,170,8.349563010014085,0,6746,27979,9.485089169016064,5.2485549132947975,56.225911651348945,5.416153103086706,18,85,8.885440911707585,0.001900446143314225,11.747233968577241,3.2713693065498495
161218700,2024-04-24,15.048726872113876,3,0.6931471805599453,6.955592608396297,19132,1,4,4,167,2693796.40235165,250076.37903629,8305,7.048554663781988,5,5.605288811039262,165,8.651713113615129,0,3501,38973,9.947217315397454,12.28316924519456,29.44872893459012,6.705614017040743,15,110,9.401043372798052,0.001896550827899902,11.457280934774671,3.591445937339205
463060300,2023-11-09,15.444751293772969,3,0.6931471805599453,7.085901464365611,19143,1,4,4,81,2673299.10312323,235093.03761196,6035,6.806440347276199,2,5.67149151190188,166,7.386336526213799,0.6931471805599453,4902,45888,10.145217305326018,14.466705951679437,15.973072215422276,5.797281768316086,13,100,9.210440366976515,0.0018919223984238363,11.8993424408276,3.545408852945369
161198400,2024-04-24,15.048726872113876,3,0.6931471805599453,6.966967138613983,19132,1,4,5,167,2693767.54151697,249520.56420305,8502,6.8994560248670105,6,5.452571143269976,178,8.738965155579367,0,3501,38973,9.947217315397454,12.28316924519456,29.44872893459012,6.958422161964604,19,110,9.401043372798052,0.0018889847422635098,11.46463793576319,3.584088936350688
161199900,2024-04-24,15.048726872113876,3,0.6931471805599453,6.966967138613983,19132,1,5,5,167,2693796.76619606,249727.75342122,8496,6.909081816111898,5,5.556249390876944,175,8.706004564668204,0,3501,38973,9.947217315397454,12.28316924519456,29.44872893459012,6.900885367175039,18,110,9.401043372798052,0.001888739581628993,11.463968258439543,3.584758613674334
161199600,2024-04-24,15.048726872113876,3,0.6931471805599453,6.966967138613983,19132,1,5,2,167,2693790.96043339,249686.83913296,8499,6.903740651750901,5,5.6725644560685815,176,8.712596204579148,0,3501,38973,9.947217315397454,12.28316924519456,29.44872893459012,6.93153948021848,18,110,9.401043372798052,0.0018887378121382231,11.464098031139669,3.584628840974208
161181800,2024-04-24,15.048726872113876,3,0.6931471805599453,6.966967138613983,19132,1,4,4,167,2693857.70734714,249554.95356996,8454,6.808579078840335,6,5.415418392353202,180,8.728352520067892,0,3501,38973,9.947217315397454,12.28316924519456,29.44872893459012,6.944860903956999,19,110,9.401043372798052,0.001888691729583709,11.464415442126802,3.584311429987075
433328200,2024-04-24,15.048726872113876,3,0.6931471805599453,7.109062135687172,19140,1,5,4,197,2699717.56144106,259822.62955688,5494,7.2013826080134145,1,6.210818348542555,184,8.534421715948703,0,6746,27979,9.485089169016064,5.2485549132947975,56.225911651348945,6.491977662989707,16,100,9.210440366976515,0.001849236023228653,11.824142646039213,3.2245842260746636
232185400,2024-04-24,15.048726872113876,4,0.6931471805599453,7.451241684987676,19124,1,4,4,300,2715885.37720248,260678.56550905,4905,7.603818648894781,5,5.990697307095873,165,6.168324309128104,0.6931471805599453,8294,33205,9.860162427797754,16.778523489932887,38.003375934410414,7.198687593912385,10,90,8.999742789830492,0.0018386680719419451,11.85767536760933,3.191051504504547
071367300,2023-11-16,13.618200431681036,3,0.6931471805599453,6.591673732008658,19134,1,4,5,176,2703024.61191356,252386.79698764,10228,7.640352196992852,7,6.227160881195765,146,7.661070875221817,1.0986122886681098,4074,33750,9.42504844446929,4.579153946794593,52.9945999018164,6.838126680737439,20,105,9.30801139914963,0.0018362511287409447,10.84795830608076,2.770242125600277
433049800,2024-05-22,14.87786369040364,3,0.6931471805599453,6.836259277277067,19140,1,5,4,197,2700435.36577973,258377.28599088,4775,7.880278822080074,1,5.852673354064725,156,8.265961498628698,0.6931471805599453,6746,27979,9.485089169016064,5.2485549132947975,56.225911651348945,6.470243283255464,20,105,9.30801139914963,0.0018296242970145705,11.67750054336856,3.2003631470350804
642090100,2024-03-19,10.308985993422082,4,0.6931471805599453,7.3453648404168685,19149,1,4,4,331,2726445.61198747,268364.52946781,3848,7.509694296239713,5,5.039067575102763,95,8.924765559514551,0,5402,70882,10.12791028534872,16.452924616828277,23.65790447982229,6.763690829595394,10,70,8.497194544909547,0.0018195785948632538,12.412560583231429,-2.1035745898093463
043165900,2024-06-11,14.420919370067592,3,0.6931471805599453,6.985641817639208,19131,1,4,3,112,2672637.03489356,242723.98855738,7566,7.59274669885772,5,6.415439688661405,177,8.768509423946286,0,5307,28393,9.779623565313742,12.03170028818444,43.13171283210854,6.279863826605443,9,105,9.30801139914963,0.0018056649099737038,11.596779636630666,2.8241397334369265
071450600,2024-01-20,14.53902155645949,3,0.6931471805599453,6.665683717782408,19134,1,4,5,177,2704341.89307165,252640.15179588,10825,7.179538166618092,3,5.809300864689701,144,8.022860666938083,1.0986122886681098,4726,28750,9.522812613235182,7.894736842105263,61.40499365213712,6.2646194229755805,17,105,9.30801139914963,0.0017351531963937412,10.843196298361073,3.695825258098416
252114900,2024-05-08,14.45736497045232,3,0.6931471805599453,7.01301578963963,19134,1,4,4,178,2705625.60900815,250876.80164805,10798,7.052832993026233,4,5.349442866314325,160,8.128065201470399,0.6931471805599453,6592,32009,9.855661923053525,16.23108665749656,40.47330097087379,6.400391971747881,19,105,9.30801139914963,0.0016911196709369356,11.395544247455703,3.0618207229966155
012211700,2023-03-27,9.798182590890704,4,0.6931471805599453,7.2991214627108,19147,1,4,3,28,2694766.73636898,228646.99899489,5117,6.620895415071447,10,5.04750021611383,267,8.070418639999218,1.0986122886681098,5720,78871,10.779435341793006,54.02603132583278,18.304195804195807,7.027884792510903,21,125,9.65669147255669,0.0016472182607197405,12.84298727168169,-3.0448046807909863
433281700,2024-01-20,14.66495268918727,3,0.6931471805599453,6.75110146893676,19140,1,4,4,197,2700023.84462115,258898.42963363,5022,7.600965934076518,1,5.957812693354517,182,8.417134547571816,0,6746,27979,9.485089169016064,5.2485549132947975,56.225911651348945,4.472956465888718,18,100,9.210440366976515,0.0016471577249484077,11.638334079795465,3.026618609391806
041346900,2024-06-11,14.420919370067592,4,0.6931471805599453,7.332369205929062,19131,1,3,6,112,2673867.1790868,243427.88347505,7067,7.15640563718364,6,5.105291700352682,163,8.700939749387441,0,5307,28393,9.779623565313742,12.03170028818444,43.13171283210854,6.659869224371451,9,100,9.210440366976515,0.0015734268541815737,11.794279246396709,2.6266401236708834
433324200,2024-05-22,14.680541679094103,3,0.6931471805599453,6.892641641172089,19140,1,3,4,197,2699616.35691907,259118.09389247,5471,7.340890989396914,1,5.391138694842198,189,8.41607089055985,0,6746,27979,9.485089169016064,5.2485549132947975,56.225911651348945,5.970348203372256,18,100,9.210440366976515,0.0015689491799180935,11.707856261608136,2.972685417485967
433324300,2024-05-22,14.680541679094103,3,0.6931471805599453,6.892641641172089,19140,1,4,4,197,2699618.69057581,259133.28382272,5476,7.336072604805587,1,5.324828688834936,189,8.418706145924336,0,6746,27979,9.485089169016064,5.2485549132947975,56.225911651348945,5.969150952726008,18,100,9.210440366976515,0.0015687329326731399,11.708039893363422,2.9725017857306812
381253200,2024-02-06,9.61587214452889,3,0.6931471805599453,7.090076835776092,19129,1,4,2,171,2689975.88965148,255301.68617097,4895,7.0249767010846105,3,5.941774272469668,152,8.72932700663821,0,3234,27112,9.839908570893256,6.206329634196465,36.42547928262214,6.618643904957133,14,85,8.885440911707585,0.001563315144826824,11.759994167465454,-2.144122022936563
451258700,2023-06-23,9.210440366976515,2,0.6931471805599453,6.932447891572509,19134,1,4,4,379,2711045.00400923,249234.9968608,3274,6.177936692453375,6,6.879792412926838,79,9.088329170076271,0,5105,69198,10.647541702869878,39.70265659273702,20.352595494613123,6.522260526416404,8,100,9.210440366976515,0.001561240536633313,12.133868052216389,-2.923427685239873
433301300,2024-05-22,14.680541679094103,3,0.6931471805599453,6.904750769961838,19140,1,4,4,197,2699818.59896864,259059.01592663,5216,7.461518911803743,1,5.566667572076079,182,8.440972140346473,0,6746,27979,9.485089169016064,5.2485549132947975,56.225911651348945,5.213382297817407,18,100,9.210440366976515,0.0015605351762072346,11.714881284654842,2.965660394439262
401236700,2024-04-25,13.90626583447433,3,0.6931471805599453,6.900730664045173,19142,1,3,4,65,2674454.60967048,228235.65598555,5068,7.236851365930866,3,5.886776068498749,136,8.906607328950422,0,4672,43081,9.912645490320894,14.191988950276244,19.34931506849315,7.430494091120862,10,100,9.210440366976515,0.0015331263037753299,11.606772423684381,2.299493410789949
401237200,2024-04-25,13.90626583447433,3,0.6931471805599453,6.900730664045173,19142,1,4,4,65,2674396.87225315,228179.65314479,5035,7.293012404903272,3,5.7514354901031846,133,8.914577044907421,0,4672,43081,9.912645490320894,14.191988950276244,19.34931506849315,7.477081019881626,11,100,9.210440366976515,0.0015302730287596108,11.607025795285248,2.299240039189083
452034600,2023-11-16,14.076500031686043,2,0.6931471805599453,6.645090969505644,19134,1,5,4,188,2708267.85602023,252305.71939388,9042,7.677826767966471,6,6.436721571158054,127,8.706677510371298,0,3794,20010,8.962263554116761,0.8314855875831485,77.83342119135477,6.823294820978391,12,125,9.65669147255669,0.0015284582885160844,11.164443854069285,2.912056177616758
401122600,2024-07-23,9.90353755128617,3,1.3862943611198906,7.240649694255466,19143,1,4,2,65,2674785.98039882,228760.90657547,5005,6.7066603067498525,3,4.403859827013071,132,8.831419122890136,0,4672,43081,9.912645490320894,14.191988950276244,19.34931506849315,6.9933197760331645,8,105,9.30801139914963,0.0015223305984946658,12.394113176481673,-2.490575625195502
252271400,2023-11-16,14.076500031686043,3,0.6931471805599453,6.6293632534374485,19134,1,5,4,178,2707055.18423298,251968.85720672,9907,7.3451695578480685,4,5.9759133143176735,127,8.524071269117844,0,6592,32009,9.855661923053525,16.23108665749656,40.47330097087379,5.218792741178973,13,105,9.30801139914963,0.0015133604014177682,11.224381923454452,2.8521181082315907
401242900,2024-04-25,13.90626583447433,3,0.6931471805599453,6.932447891572509,19142,1,4,4,65,2674520.65940714,228213.25609596,5133,7.211797146515621,3,5.82693278840704,136,8.909223151601543,0,4672,43081,9.912645490320894,14.191988950276244,19.34931506849315,7.41123000909288,12,105,9.30801139914963,0.0015125746515445362,11.621415548331827,2.2848502861425044
433311300,2024-05-22,14.680541679094103,3,0.6931471805599453,7.050122520269059,19140,1,4,4,197,2699665.69277839,258956.96265306,5348,7.4281347716169615,1,5.870235500339902,185,8.40073249281796,0,6746,27979,9.485089169016064,5.2485549132947975,56.225911651348945,5.802729734389886,18,100,9.210440366976515,0.0014867233826722339,11.784946935490225,2.895594743603877
451140200,2023-09-28,13.772082044422817,2,0.6931471805599453,6.57507584059962,19137,1,4,4,378,2714143.69138139,250233.97681822,1822,7.792350484788316,2,5.767958182561959,44,9.30824919857418,0,2215,60000,10.768779683438469,36.69291338582677,12.099322799097068,7.11974548864327,2,70,8.497194544909547,0.00146814094299614,12.055165258178663,1.7169167862441543
451141200,2023-09-28,13.772082044422817,2,0.6931471805599453,6.57507584059962,19137,1,4,4,378,2714260.38373332,250316.71877871,1793,7.834237986844803,2,5.780122737629878,44,9.299271806201466,0,2215,60000,10.768779683438469,36.69291338582677,12.099322799097068,7.225267471506358,2,70,8.497194544909547,0.0014627375970483443,12.056823688443277,1.7152583559795398
032166800,2023-09-30,9.210440366976515,3,0.6931471805599453,7.009408932708637,19143,1,4,4,82,2670912.98814482,235365.41337955,4015,7.455802208838859,5,6.07951196582881,141,8.274763523864094,0.6931471805599453,7503,32333,9.907230538814964,20.152432190091908,32.62694922031187,5.490355369052943,8,100,9.210440366976515,0.0014572894571176901,11.768025884170749,-2.5575855171942337
433341100,2024-01-20,14.66495268918727,3,0.6931471805599453,7.0909098220799835,19140,1,4,4,197,2699615.58034581,259898.80427329,5450,7.113628623525097,1,5.97910838114372,186,8.532107165093352,0,6746,27979,9.485089169016064,5.2485549132947975,56.225911651348945,6.622239261369878,16,100,9.210440366976515,0.0014429391707694607,11.815153031937408,2.849799657249863
202132100,2023-07-14,10.130662964963708,3,1.3862943611198906,7.167809184316444,19122,1,1,1,145,2697220.28953272,244717.77328372,6525,5.986741452375888,7,5.607503563845908,183,7.530862174492569,0.6931471805599453,2218,33550,9.961945122107696,17.223837209302324,19.56717763751127,7.266831666082957,15,0,0,0.0014416182075574389,12.864329553919374,-2.7336665889556664
361153200,2023-03-02,9.210440366976515,3,0.6931471805599453,6.665683717782408,19146,1,4,4,31,2690553.43311581,229555.2271653,5440,7.185348089983311,7,5.7995764176493525,266,8.08170408050698,1.0986122886681098,5017,78270,10.641966543094156,46.590909090909086,19.693043651584613,7.051781627919697,12,105,9.30801139914963,0.001440033513104235,12.144978171768905,-2.9345378047923907
161143500,2024-05-08,14.45736497045232,3,0.6931471805599453,6.949856455000773,19132,1,3,5,167,2694274.8393869,250864.60252547,8423,7.315599451301738,4,4.774497170917143,184,8.477577655257953,0,2575,31618,9.700207901150696,6.293302540415705,25.165048543689323,5.977091168777365,14,110,9.401043372798052,0.0014327658518121851,11.357158319785643,3.1002066506666757
331263400,2023-11-16,14.076500031686043,2,0.6931471805599453,6.591673732008658,19134,1,4,4,192,2705820.33565281,254049.25166796,9392,6.964439727533413,5,5.752780716636032,132,8.027156985845734,0.6931471805599453,8914,23239,9.219795530746936,3.5321637426900585,44.44693740183981,6.818612532846028,15,105,9.30801139914963,0.001399775855648762,11.068184104034028,3.008315927652015
251467700,2024-12-06,15.01860327512709,3,0.6931471805599453,7.10085190894405,19134,1,4,4,179,2706680.38905081,248046.14425163,5948,6.675686781585036,3,4.828211322473113,172,8.517068940764503,0,6675,46950,10.0613883347884,19.461358313817332,39.535580524344574,6.731678086695816,16,100,9.210440366976515,0.0013910177305583263,12.044224268332334,2.974379006794756
034077900,2024-12-09,9.48804786328076,3,0.6931471805599453,7.13966033596492,19143,1,4,4,65,2674497.73720889,230206.80132146,4746,7.296144177784464,1,5.471313125235146,120,8.596018243163298,0,4672,43081,9.912645490320894,14.191988950276244,19.34931506849315,6.726232156367515,8,100,9.210440366976515,0.001387747719927841,11.941042280308215,-2.4529944170274542
232211800,2024-05-08,14.45736497045232,3,0.6931471805599453,7.149131598557407,19124,1,4,4,300,2717194.08521497,260292.43701622,5544,6.845774056658744,5,7.047348646009521,158,7.413459297073357,0.6931471805599453,8294,33205,9.860162427797754,16.778523489932887,38.003375934410414,6.906539991195671,9,100,9.210440366976515,0.0013421757375406428,11.68791212027504,2.769452850177278
161228200,2024-05-08,14.45736497045232,3,0.6931471805599453,6.934397209928558,19132,1,4,4,167,2693562.83949856,248974.70079346,8951,7.155481751004146,7,5.320727523226274,191,8.657839916657846,0,3501,38973,9.947217315397454,12.28316924519456,29.44872893459012,6.729356706337702,17,110,9.401043372798052,0.0013364358464796565,11.450217792278934,3.0071471781733843
162168200,2024-12-06,15.01860327512709,3,0.6931471805599453,7.273092595999522,19132,1,4,3,168,2692151.69107415,249044.90997063,8929,7.645561737750957,6,4.830894444270677,194,8.697480993166806,0,3963,15267,9.72082593792907,7.1928071928071935,52.20792329043654,6.447316407029547,17,110,9.401043372798052,0.0013258296803146852,11.479632910785726,3.5389703643413633
401220800,2024-04-25,13.90626583447433,3,0.6931471805599453,7.221835825288449,19142,1,4,4,65,2674059.46019831,228276.23923771,4675,7.431674538407953,3,6.364635420850073,126,8.90527297422314,0,4672,43081,9.912645490320894,14.191988950276244,19.34931506849315,7.581343221123617,10,105,9.30801139914963,0.001318636490815117,11.7686465532164,2.1376192812579307
433380900,2024-05-08,14.45736497045232,3,0.6931471805599453,6.957497370876951,19140,1,4,4,197,2699204.1996069,259166.72010756,5753,7.094992301197871,1,5.2543174125116,191,8.356402212454912,0,6746,27979,9.485089169016064,5.2485549132947975,56.225911651348945,6.6928943292340985,17,85,8.885440911707585,0.0013079076388682928,11.74319179077218,2.7141731796801407
031209600,2023-01-13,9.7473014693468,3,0.6931471805599453,7.267525427828172,19139,1,4,4,83,2669940.83785814,237337.34316272,4036,6.219127222288573,4,4.626860099565587,165,8.553728012634926,0,4111,38713,10.075842945018232,17.576611482916523,27.511554366334224,7.463588040552876,6,100,9.210440366976515,0.0012869568337505212,12.115917774587697,-2.3686163052408964
071357700,2023-11-16,13.319422467956736,3,0.6931471805599453,6.8885724595653635,19134,1,4,4,176,2702933.88342048,252077.74904931,10256,7.770563084362246,7,6.070449950373932,154,7.497241633236856,0.6931471805599453,4074,33750,9.42504844446929,4.579153946794593,52.9945999018164,6.897851903261419,21,105,9.30801139914963,0.001268762000462189,10.994619547810656,2.3248029201460807
111296100,2024-04-24,15.048726872113876,3,0.6931471805599453,7.0909098220799835,19132,1,5,5,173,2692222.34578848,252601.50029838,7337,7.312058539634924,3,5.622597735065311,169,8.468744711623177,0,2070,21210,9.8233073354086,14.71861471861472,46.08695652173913,6.06337561112884,12,82,8.81358720447004,0.001265972217522971,11.441153379516894,3.607573492596982
252201100,2024-05-22,14.680541679094103,3,0.6931471805599453,6.734591659972948,19134,1,4,4,179,2706911.58970389,250039.96277055,9564,7.605214749531752,5,6.347432851786087,150,8.445657017488982,0,6675,46950,10.0613883347884,19.461358313817332,39.535580524344574,6.978735313200082,16,105,9.30801139914963,0.001250321998681834,11.861375777396916,2.819165901697187
111101700,2024-05-22,14.680541679094103,3,0.6931471805599453,6.7580945044277305,19132,1,4,4,201,2694836.54594064,253584.52720371,8398,7.772344903008002,3,5.699283009474163,186,7.675137109351261,1.0986122886681098,3196,26256,9.84802769533176,13.269150272080369,32.32165206508135,6.772177404277484,14,100,9.210440366976515,0.0012492789627942286,11.273748150481293,3.40679352861281
404126300,2024-06-06,9.35018926709258,3,0.6931471805599453,6.8679744089702925,19153,1,4,4,55,2671262.98022698,221256.5705343,2386,7.705976769339561,3,5.681885533966377,115,9.601468591041714,0,5897,62616,10.284762421843077,29.81123388581952,24.029167373240632,7.005957625284848,5,100,9.210440366976515,0.0012422513754851618,12.000195671570742,-2.650006404478163
073121700,2023-11-16,14.076500031686043,3,0.6931471805599453,6.8885724595653635,19134,1,4,4,192,2704146.46400057,254607.32994813,8309,6.873006815128556,4,4.924638413979947,116,7.440263815687548,0.6931471805599453,8914,23239,9.219795530746936,3.5321637426900585,44.44693740183981,6.955542768214365,13,80,8.764209507142004,0.0012380714175463155,11.235237743886133,2.8412622877999105
012179100,2023-06-01,9.636588019266876,3,0.6931471805599453,7.02197642307216,19148,1,4,4,28,2695512.38514015,226995.0885848,5200,7.312246650783502,9,5.34260830270041,253,8.11307691073146,1.0986122886681098,4234,71352,10.446567371831453,35.270805812417436,20.075578649031648,6.418123355829589,15,105,9.30801139914963,0.0012261597180205548,12.507709235470767,-2.8711212162038913
381215300,2024-01-20,14.66495268918727,2,0.6931471805599453,6.70073110954781,19132,1,4,4,171,2689962.91034673,254458.70852621,5418,5.689894651414302,3,4.741508367335857,151,8.740254561501885,0,3234,27112,9.839908570893256,6.206329634196465,36.42547928262214,5.011355745669396,12,85,8.885440911707585,0.0012141071510786403,11.243553475906731,3.4213992132805395
381215200,2024-01-20,14.66495268918727,3,0.6931471805599453,6.70073110954781,19132,1,4,4,171,2689960.9700619,254443.94871321,5424,5.640010766326829,3,4.66790213020116,151,8.740877312913213,0,3234,27112,9.839908570893256,6.206329634196465,36.42547928262214,4.937184937304758,12,85,8.885440911707585,0.0012051871721491655,11.271281510423245,3.3936711787640257
381208700,2023-11-16,13.618200431681036,3,0.6931471805599453,7.063903961472068,19129,1,5,5,171,2690286.69185139,255273.14095247,5010,7.066718036057688,2,5.79861766744084,145,8.677738844108063,0,3234,27112,9.839908570893256,6.206329634196465,36.42547928262214,6.869470875977005,16,85,8.885440911707585,0.0011963157939138096,11.74570014554396,1.8725002861370756
